Paul Tremberth, 1454327007
stummjr, 1454102606
Mikhail Korobov, 1453931963
Paul Tremberth, 1454098323
Paul Tremberth, 1454090352
Paul Tremberth, 1454089174
Mikhail Korobov, 1454083420
Paul Tremberth, 1454082965
Mikhail Korobov, 1454020058
stummjr, 1453930576
Paul Tremberth, 1453988359
Paul Tremberth, 1453986168
Paul Tremberth, 1453985510
Paul Tremberth, 1453984924
Artur Gaspar, 1453935635
Mikhail Korobov, 1453927188
Mikhail Korobov, 1453924767
Mikhail Korobov, 1453923960
stummjr, 1453919281
Paul Tremberth, 1453917159
stummjr, 1453916597
stummjr, 1453912486
Artur Gaspar, 1453907348
Artur Gaspar, 1453906602
Mikhail Korobov, 1453899371
Mikhail Korobov, 1453899268
Elias Dorneles, 1453898728
Paul Tremberth, 1453896248
Paul Tremberth, 1453895823
Paul Tremberth, 1453892009
Mikhail Korobov, 1453840091
Paul Tremberth, 1453832651
Daniel Graña, 1453829537
Mikhail Korobov, 1453825784
Paul Tremberth, 1453825408
Paul Tremberth, 1453822876
Paul Tremberth, 1453822404
Paul Tremberth, 1453818315
Paul Tremberth, 1453814355
Mikhail Korobov, 1453812466
Elias Dorneles, 1453811759
Paul Tremberth, 1453811121
Mikhail Korobov, 1453810868
Paul Tremberth, 1453810122
Paul Tremberth, 1453809672
Elias Dorneles, 1453808238
Νικόλαος-Διγενής Καραγιάννης, 1453804540
Paul Tremberth, 1453801478
Mikhail Korobov, 1453798700
Mikhail Korobov, 1453798576
Daniel Graña, 1453780890
Daniel Graña, 1453778787
Elias Dorneles, 1453767875
Elias Dorneles, 1453767064
Daniel Graña, 1453757052
Paul Tremberth, 1453724015
Elias Dorneles, 1453670262
Elias Dorneles, 1453668562
Konstantin Lopuhin, 1453668296
Konstantin Lopuhin, 1453666203
Konstantin Lopuhin, 1453665923
Konstantin Lopuhin, 1453665170
Mikhail Korobov, 1453639677
Konstantin Lopuhin, 1453631261
Konstantin Lopuhin, 1453631114
Elias Dorneles, 1453576660
Elias Dorneles, 1453572822
Elias Dorneles, 1453572597
Paul Tremberth, 1453502938
Paul Tremberth, 1453483339
Paul Tremberth, 1453482996
Paul Tremberth, 1453479387
Paul Tremberth, 1453465088
Paul Tremberth, 1453464826
Elias Dorneles, 1453464475
Paul Tremberth, 1453464462
Mikhail Korobov, 1453458086
Mikhail Korobov, 1453451967
Elias Dorneles, 1453420319
Elias Dorneles, 1453418532
Elias Dorneles, 1453417963
Paul Tremberth, 1453415030
Paul Tremberth, 1453413588
Elias Dorneles, 1453409016
Elias Dorneles, 1453408799
Elias Dorneles, 1453407846
Elias Dorneles, 1444360745
Elias Dorneles, 1444353494
Paul Tremberth, 1453391296
Elias Dorneles, 1453388720
Konstantin Lopuhin, 1453216085
Konstantin Lopuhin, 1453208503
Konstantin Lopuhin, 1453208490
Konstantin Lopuhin, 1453198421
Konstantin Lopuhin, 1453197991
Konstantin Lopuhin, 1453196565
Daniel Graña, 1453387887
Daniel Graña, 1453387782
Raul Gallegos, 1453315972
Raul Gallegos, 1449806665
Paul Tremberth, 1453385877
Mikhail Korobov, 1453383877
Mikhail Korobov, 1453383118
Mikhail Korobov, 1453376901
Elias Dorneles, 1453376535
Paul Tremberth, 1453370372
Paul Tremberth, 1453368639
Elias Dorneles, 1453346267
Capi Etheriel, 1437750479
Konstantin Lopuhin, 1453321858
Konstantin Lopuhin, 1453215980
Konstantin Lopuhin, 1453210954
Konstantin Lopuhin, 1453210102
Konstantin Lopuhin, 1453187232
Konstantin Lopuhin, 1453187220
Konstantin Lopuhin, 1453132472
Daniel Graña, 1453319545
Elias Dorneles, 1453317805
Elias Dorneles, 1453316754
Elias Dorneles, 1453315086
Paul Tremberth, 1453287818
Konstantin Lopuhin, 1453281828
Elias Dorneles, 1453229108
Daniel Graña, 1453228466
Daniel Graña, 1453221323
Daniel Graña, 1453221230
Daniel Graña, 1453221156
Elias Dorneles, 1453220323
carlosp420, 1453219963
Elias Dorneles, 1453219800
Paul Tremberth, 1453219497
Paul Tremberth, 1453219104
Konstantin Lopuhin, 1453217098
Konstantin Lopuhin, 1453215102
Konstantin Lopuhin, 1453214362
Konstantin Lopuhin, 1453213973
Konstantin Lopuhin, 1453213859
Nicolás Alejandro Ramírez Quiros, 1453213854
Konstantin Lopuhin, 1453213550
Daniel Graña, 1453212474
Mikhail Korobov, 1453144676
Mikhail Korobov, 1453143631
Paul Tremberth, 1453136275
Konstantin Lopuhin, 1453134451
Konstantin Lopuhin, 1453134192
Konstantin Lopuhin, 1453133349
Konstantin Lopuhin, 1453132840
Paul Tremberth, 1453126949
Konstantin Lopuhin, 1453124722
Konstantin Lopuhin, 1453124638
Konstantin Lopuhin, 1453121486
Konstantin Lopuhin, 1453121458
Konstantin Lopuhin, 1453119781
Konstantin Lopuhin, 1453118994
Konstantin Lopuhin, 1453118775
Elias Dorneles, 1453118538
Konstantin Lopuhin, 1453118443
Mikhail Korobov, 1453117722
Konstantin Lopuhin, 1453117444
Konstantin Lopuhin, 1453110141
Konstantin Lopuhin, 1453109866
Konstantin Lopuhin, 1453109151
Konstantin Lopuhin, 1453108801
palego, 1452950638
Konstantin Lopuhin, 1453106689
Konstantin Lopuhin, 1453100774
Mikhail Korobov, 1453100226
cclauss, 1453099536
Paul Tremberth, 1452883881
Elias Dorneles, 1452882652
Ralph Gutkowski, 1452882356
Ralph Gutkowski, 1452880858
Paul Tremberth, 1452877160
Paul Tremberth, 1452866235
Konstantin Lopuhin, 1452861691
Konstantin Lopuhin, 1452861645
Konstantin Lopuhin, 1452860250
Konstantin Lopuhin, 1452860172
Konstantin Lopuhin, 1452858852
Konstantin Lopuhin, 1452857967
Konstantin Lopuhin, 1452856819
Konstantin Lopuhin, 1452853648
Paul Tremberth, 1452853072
Konstantin Lopuhin, 1452852790
Konstantin Lopuhin, 1452849761
Konstantin Lopuhin, 1452847768
Konstantin Lopuhin, 1452847687
Konstantin Lopuhin, 1452847616
Konstantin Lopuhin, 1452846361
Konstantin Lopuhin, 1452787248
Konstantin Lopuhin, 1452786426
Konstantin Lopuhin, 1452783170
Konstantin Lopuhin, 1452781918
Konstantin Lopuhin, 1452781448
Konstantin Lopuhin, 1452779416
Konstantin Lopuhin, 1452778638
Konstantin Lopuhin, 1452778159
Konstantin Lopuhin, 1452777076
Konstantin Lopuhin, 1452774628
Konstantin Lopuhin, 1452772364
Konstantin Lopuhin, 1452772258
Konstantin Lopuhin, 1452771902
Konstantin Lopuhin, 1452768528
Konstantin Lopuhin, 1452768406
Konstantin Lopuhin, 1452768254
Konstantin Lopuhin, 1452768217
Konstantin Lopuhin, 1452765885
Konstantin Lopuhin, 1452765850
Paul Tremberth, 1452765051
Konstantin Lopuhin, 1452763799
Konstantin Lopuhin, 1452763554
Konstantin Lopuhin, 1452762266
Konstantin Lopuhin, 1452762188
Konstantin Lopuhin, 1452760943
Konstantin Lopuhin, 1452760909
Paul Tremberth, 1452685662
Paul Tremberth, 1452684748
Paul Tremberth, 1452683627
Elias Dorneles, 1452682788
Paul Tremberth, 1452681761
Paul Tremberth, 1452681721
Mikhail Korobov, 1452661382
Paul Tremberth, 1452593329
Paul Tremberth, 1452592125
Paul Tremberth, 1452111681
Elias Dorneles, 1452084188
Valdir Stumm Jr, 1452083385
palego, 1451898013
palego, 1451828022