author,commits
nramirezuy,0
LorenDavie,0
kalessin,0
bblanchon,0
rocioar,0
amferraz,0
msabramo,0
aspidites,0
jameysharp,0
sibiryakov,0
dufferzafar,0
djunzu,0
pkufranky,0
eLRuLL,0
dangra,0
bosnj,0
jdemaeyer,0
ldmberman,0
marven,0
pawelmhm,11
dellis23,0
olafdietsche,0
rubenvereecken,0
barraponto,0
hmsimha,0
orangain,0
golewski,0
max-arnold,0
stummjr,1
loucash,0
bagratte,0
csalazar,0
Dineshs91,0
tagatac,0
stav,0
void,0
omab,0
felixonmars,0
aufziehvogel,0
allait,0
djm,0
bjlange,0
pablohoffman,0
ivannotes,0
ferdyrod,0
brunsgaard,0
kmike,0
torymur,0
crlane,0
Lazar-T,0
feliperuhland,0
stillzhl,0
cyberplant,0
DharmeshPandav,0
redapple,7
denysbutenko,0
aron-bordin,0
enparticular,0
lopuhin,0
llonchj,0
persiyanov,0
ahlen,0
andrewshir,0
duendex,0
nuklea,0
GregoryVigoTorres,0
eliasdorneles,0
darshanime,0
starrify,0
hobson,0
otherchirps,0
dacjames,0
rolando,0
shaneaevans,0
chekunkov,0
arijitchakraborty,0
Tethik,7
jesuslosada,0
alexanderlukanin13,0
berkerpeksag,0
DamianCanabal,0
andrix,0
ArturGaspar,0
alexcepoi,0
mlyundin,0
tpeng,0
irgmedeiros,0
curita,0
Preetwinder,0
klangner,0
LucianU,0
ramiro,0
yarikoptic,0
Mimino666,0
palego,0
SudShekhar,0
nyov,0
zoliszeredi,0
joehillen,0
Digenis,0
